"","ID","ti","W1","W2","EY1_1","EY1_2","EY1_3","EY1_4","EY1_5","EY0_1","EY0_2","EY0_3","EY0_4","EY0_5"
"1",1,1,1,58,0.660580985227134,0.586958569571108,0.503203248830548,0.444112753923926,0.437605823946244,0.520346428484018,0.508347050243439,0.480558627949097,0.472264851753995,0.478886086020094
"6",2,1,3,96,0.54873402707922,0.553489899990956,0.547884483783135,0.564168086735802,0.563868680549512,0.238447830268909,0.339450702531679,0.37796461297793,0.407374177320583,0.432320564187544
"11",3,1,2,57,0.512194632297475,0.541089194643269,0.552575705689172,0.556644881044074,0.57434083253948,0.575644283914077,0.618452535212682,0.602646464861043,0.587483149187565,0.586463527865225
"16",4,2,2,133,0.530541801152385,0.562591635395051,0.568625688234881,0.575477545124574,0.592823127008068,0.58775680908628,0.619889780900157,0.61569114158508,0.609104646833129,0.610032999271179
"21",5,2,1,47,0.666998651911956,0.587256965953446,0.497146174740029,0.433410017149003,0.425505044264363,0.519077073997169,0.50372545834965,0.473131647863713,0.464850884956545,0.472463821909732
"26",6,2,3,21,0.616169852524064,0.626822031527483,0.62195687973522,0.642692373154064,0.646519690966949,0.13133605221484,0.23144651523146,0.265895081519411,0.287342821475662,0.302843563956157
"31",7,2,2,147,0.533914028674156,0.56652951544892,0.57156762989478,0.578924609430695,0.59620091456363,0.589976974541723,0.620154308395545,0.618076670584672,0.613043926063764,0.614322719954128
"36",8,2,1,150,0.604767560695719,0.584460408856425,0.553655687128915,0.534703116952615,0.540335781720742,0.530950996817064,0.5468690445506,0.542695808188746,0.534436810247737,0.532668579390305
"41",9,3,2,126,0.528854621532769,0.560619701113873,0.567152885809778,0.573751233758721,0.591130915437869,0.586645379956164,0.619757490433585,0.614496278982983,0.607129625622632,0.607881692403699
"46",10,3,1,85,0.644579978682824,0.586225871644689,0.518062975908758,0.470583785229868,0.467595115036504,0.523460969679752,0.519683290193247,0.498818203011979,0.490508001095932,0.494675081507924
"51",11,3,2,134,0.530782770738572,0.562873180380615,0.568835990165686,0.575724011807604,0.593064692835449,0.587915511937808,0.619908678085021,0.61586172270424,0.609386502773119,0.610339981771143
"56",12,3,1,77,0.64935675151751,0.586443007274677,0.513662239042574,0.462716434966079,0.458675007942425,0.52253832191604,0.516325990224639,0.493405433794903,0.485097791619038,0.489994332356238
"61",13,3,1,21,0.681920752358123,0.587962011336514,0.482835993199713,0.40837515671653,0.397279644592666,0.516075831978427,0.492800592074167,0.45563002661403,0.447394393274294,0.457323897351435
"66",14,3,2,35,0.506875274735984,0.534832501042135,0.54790760576617,0.551160300178199,0.568949254434191,0.572120318541497,0.618036101811212,0.598842076684781,0.581156746481738,0.579560972132863
"71",15,3,3,44,0.595835123441152,0.604782823974348,0.59967317896021,0.619207038748498,0.621846683324803,0.158965284979632,0.261869749098873,0.297988475303333,0.32197290693074,0.340373644703781
"76",16,3,3,105,0.540467560375218,0.544462838774525,0.538781563874056,0.554438045448845,0.553605748360326,0.254671711372756,0.353974790612259,0.392667323660852,0.422916579485054,0.448923521703973
"81",17,3,1,181,0.585241293616396,0.583617651846962,0.570461160834882,0.565011738203339,0.574617456941637,0.534518466566544,0.559746698029341,0.563432362135355,0.555242228913058,0.550682818503688
"86",18,3,3,28,0.61002034601933,0.620165361098349,0.615224492991966,0.635611027727486,0.63908586432425,0.139283784134571,0.240437523085603,0.275426219014752,0.297646192314987,0.314019148673399
"91",19,4,2,112,0.525478321993376,0.556670145875232,0.564203743065533,0.570293253482281,0.58774004327508,0.584419881976547,0.619492856148964,0.612102421564435,0.603169111563136,0.603566562028434
"96",20,4,3,182,0.469301764769334,0.46664825536273,0.460470111415438,0.470253332491731,0.464833600730601,0.419105239613294,0.486767251879918,0.523741106696077,0.558951534579915,0.591786023935946
"101",21,4,2,365,0.585837347980104,0.626478560386403,0.616605535395602,0.631418666691948,0.647449036517106,0.624024550416889,0.62426408584425,0.65442934855346,0.672216042599252,0.678496710339457
"106",22,4,1,194,0.576968640946053,0.583264091801343,0.577462844418134,0.577591701491069,0.588801938033236,0.536013473145076,0.565124179752421,0.572066993026353,0.563914006592528,0.558200531376119
"111",23,4,2,42,0.508568023895861,0.536824551429527,0.54939386475655,0.552906809122994,0.570666593696871,0.573242391958036,0.618168622192692,0.600053879930994,0.583172694251556,0.581760752683596
"116",24,4,3,56,0.585088674584847,0.593106350855024,0.587874559211672,0.606720605908076,0.60870933514062,0.175162992898082,0.278730773043467,0.315588885882439,0.340883190606157,0.360820446463105
"121",25,4,1,175,0.589043585493363,0.583780804419335,0.567219902861734,0.559176214223762,0.568027607028509,0.533828252665966,0.557259967161439,0.559433811090071,0.551228164037335,0.547205066890764
"126",26,4,1,47,0.666998651911956,0.587256965953446,0.497146174740029,0.433410017149003,0.425505044264363,0.519077073997169,0.50372545834965,0.473131647863713,0.464850884956545,0.472463821909732
"131",27,4,1,70,0.653512050748267,0.586632973387673,0.50980983246759,0.455847564752958,0.450891385497046,0.52173087872025,0.513387132968356,0.488670485189129,0.480366678342772,0.485900087499478
"136",28,4,3,245,0.411862630849767,0.404001637105742,0.397649566087477,0.402402388219544,0.393579049457242,0.570787074033784,0.597718552106016,0.629392855412535,0.664863189723183,0.699082564773962
"141",29,4,2,28,0.50518236792834,0.532839338845037,0.546420491829817,0.549412528681168,0.567230255242909,0.570997502775541,0.617903563865402,0.597629063838823,0.579138085069792,0.57735802703949
"146",30,4,1,136,0.613481441529654,0.584840847246068,0.546023341124676,0.520917107916178,0.524707547743112,0.529338821902108,0.541031642691745,0.53327776133133,0.524996963165874,0.52450224718101
"151",31,4,2,43,0.508809830072982,0.537109035626305,0.549606116160634,0.55315620487651,0.570911790057107,0.573402626915901,0.618187552240924,0.600226895143814,0.583460461553996,0.582074743885996
"156",32,4,2,59,0.512678091435174,0.541657373028791,0.552999631802846,0.557142815794395,0.574830120525231,0.575964268973072,0.618490384173049,0.602991711325773,0.588056879589476,0.587089394540325
"161",33,4,1,32,0.675650821639726,0.587663766779418,0.48888822510083,0.418916764413305,0.409149401367756,0.517345742305709,0.497422415806747,0.463023715392117,0.45476654035936,0.463721266398325
"166",34,4,1,84,0.645178675911383,0.58625301543346,0.517513022994988,0.469599485799693,0.466478849861376,0.523345647336179,0.51926371866551,0.498141565689688,0.489831577277142,0.494089919978094
"171",35,4,2,98,0.522099691296311,0.552713413614654,0.561250051154368,0.5668283996627,0.584340823503896,0.582190935563681,0.619228150844195,0.609703140601341,0.599195029262919,0.59923525207142
"176",36,4,2,77,0.517028047906685,0.546765929789554,0.556811427438658,0.561618945165493,0.579227007981482,0.578841238221569,0.618830960026906,0.606094278184584,0.593209514637883,0.592709308737699
"181",37,4,1,21,0.681920752358123,0.587962011336514,0.482835993199713,0.40837515671653,0.397279644592666,0.516075831978427,0.492800592074167,0.45563002661403,0.447394393274294,0.457323897351435
"186",38,4,2,182,0.542330383725734,0.576336495226312,0.578899956097764,0.587507992246908,0.604604958862714,0.595511188915851,0.620815314609721,0.62401542565836,0.622826671513668,0.624968375535295
"191",39,5,1,169,0.592835270989922,0.583943938637248,0.563972881101465,0.553324294100646,0.561413589677699,0.533137909223278,0.554770362645329,0.555427534176337,0.547207414595974,0.543722700615235
"196",40,5,2,85,0.518960573081784,0.549033306444655,0.558503441072757,0.563605165808632,0.581177196331924,0.580118186943133,0.618982289590085,0.607470471612564,0.595493079296223,0.595199375630525
"201",41,5,1,56,0.661752316328358,0.587012828216852,0.502101980471306,0.442162639915196,0.4353997135752,0.520115655816425,0.507506843767662,0.479207532068324,0.47091585088673,0.477717819875803
"206",42,5,1,105,0.632513030709723,0.585682886071373,0.529051080800065,0.490307675159343,0.489973742148147,0.525766874949261,0.528068107355091,0.512348562827163,0.504040482272029,0.506379243371555
"211",43,5,1,133,0.615339491408243,0.584922356616783,0.544384895407395,0.517958092507871,0.521351280517876,0.52899327503823,0.539779248902021,0.531256287042159,0.522971580640472,0.522750462762575
"216",44,5,1,232,0.552554858625409,0.582230118684644,0.597741988573992,0.613736439882949,0.62934966717258,0.54037968504391,0.580750916625806,0.597038189746992,0.589020706564963,0.580010860552095
"221",45,5,2,120,0.52740794117394,0.558927944645685,0.565889537483578,0.572270104680154,0.589678726039996,0.585692022852779,0.619644084445387,0.61347101083711,0.605433954297747,0.606034371334309
"226",46,5,2,42,0.508568023895861,0.536824551429527,0.54939386475655,0.552906809122994,0.570666593696871,0.573242391958036,0.618168622192692,0.600053879930994,0.583172694251556,0.581760752683596
"231",47,5,1,365,0.465877842383996,0.578605572891501,0.665746937974045,0.72880606576927,0.75507656720729,0.555608372187804,0.6339982082711,0.679856785316508,0.672588339532071,0.653432865075842
"236",48,5,1,42,0.669895599944924,0.587392579497004,0.494393129282055,0.428564983134607,0.420033156849368,0.51850001227732,0.501624476803673,0.469759476565396,0.461485830014825,0.469547492797119
"241",49,5,1,278,0.522669865068856,0.58097750001199,0.621844619530945,0.655839314705047,0.676058650972918,0.545656755717248,0.599450292408888,0.626596157374914,0.618793085699898,0.605993368389681
"246",50,5,2,184,0.54281063537955,0.576895157975421,0.579317928899067,0.587996920083266,0.605083379038019,0.595826711597094,0.620853072876818,0.62435367855062,0.6233827583257,0.625573172748304
"251",51,5,3,21,0.616169852524064,0.626822031527483,0.62195687973522,0.642692373154064,0.646519690966949,0.13133605221484,0.23144651523146,0.265895081519411,0.287342821475662,0.302843563956157
"256",52,5,1,129,0.617811658650696,0.585031028547643,0.542198811732822,0.514010814362465,0.516873309585114,0.528532502713347,0.538108611507283,0.528559402878154,0.520269906480901,0.520413886733857
"261",53,5,3,105,0.540467560375218,0.544462838774525,0.538781563874056,0.554438045448845,0.553605748360326,0.254671711372756,0.353974790612259,0.392667323660852,0.422916579485054,0.448923521703973
"266",54,6,1,42,0.669895599944924,0.587392579497004,0.494393129282055,0.428564983134607,0.420033156849368,0.51850001227732,0.501624476803673,0.469759476565396,0.461485830014825,0.469547492797119
"271",55,6,3,156,0.493336516128189,0.492930693713278,0.486887546605279,0.498729200676864,0.494840107843644,0.359204841005267,0.440727916233336,0.478934125663995,0.512987983607192,0.544068755686599
"276",56,6,2,86,0.51920210003356,0.549316587373804,0.558714848115111,0.563853301329778,0.581420792921595,0.580277730506489,0.619001204161576,0.607642376307406,0.595778236563573,0.59551029257111
"281",57,6,1,28,0.677938247807801,0.58777222680462,0.48668694307496,0.415074343711691,0.4048200783868,0.516883981790703,0.495741660116253,0.460333046282255,0.452083291426148,0.461393456394449
"286",58,6,1,28,0.677938247807801,0.58777222680462,0.48668694307496,0.415074343711691,0.4048200783868,0.516883981790703,0.495741660116253,0.460333046282255,0.452083291426148,0.461393456394449
"291",59,6,3,230,0.425382080964252,0.418714228672407,0.412383420042454,0.418320825572081,0.410254625125559,0.53480992968708,0.571771956307483,0.604952107910388,0.640686219658464,0.674948364810373
"296",60,6,2,49,0.510260576614341,0.53881542709785,0.550879242792202,0.554652013373842,0.572382233349871,0.574363711977739,0.618301124992454,0.601264459976239,0.585185864756774,0.583957285931339
"301",61,6,1,217,0.562228939692565,0.582638352856486,0.58977286821234,0.599594448281296,0.613526365606724,0.538656883118373,0.574599988898448,0.587233547959562,0.579157882746403,0.571433904178699
"306",62,6,2,28,0.50518236792834,0.532839338845037,0.546420491829817,0.549412528681168,0.567230255242909,0.570997502775541,0.617903563865402,0.597629063838823,0.579138085069792,0.57735802703949
"311",63,6,1,70,0.653512050748267,0.586632973387673,0.50980983246759,0.455847564752958,0.450891385497046,0.52173087872025,0.513387132968356,0.488670485189129,0.480366678342772,0.485900087499478
"316",64,6,3,59,0.582388936089197,0.590170159295418,0.58490848610619,0.603576371779816,0.605399398319238,0.179410086622564,0.283048608875429,0.320075630258662,0.345693994301726,0.366015507141548
"321",65,6,2,154,0.535599000202421,0.568495341235689,0.573036719266752,0.580645282552423,0.597886416540065,0.591085689740684,0.620286545389881,0.61926731158235,0.61500806883226,0.616460985150737
"326",66,6,2,105,0.523789278819039,0.554692646367354,0.56272745311364,0.568561665442742,0.586041457910597,0.583305834467398,0.619360512365456,0.610903452538331,0.601183736677931,0.601402890991385
"331",67,6,1,133,0.615339491408243,0.584922356616783,0.544384895407395,0.517958092507871,0.521351280517876,0.52899327503823,0.539779248902021,0.531256287042159,0.522971580640472,0.522750462762575
"336",68,6,2,113,0.525719567195936,0.556952500752005,0.564414549377515,0.570540483869333,0.587982528845548,0.584578961493468,0.619511760954763,0.612273592470199,0.603452461020549,0.603875329474856
"341",69,6,1,28,0.677938247807801,0.58777222680462,0.48668694307496,0.415074343711691,0.4048200783868,0.516883981790703,0.495741660116253,0.460333046282255,0.452083291426148,0.461393456394449
"346",70,6,2,42,0.508568023895861,0.536824551429527,0.54939386475655,0.552906809122994,0.570666593696871,0.573242391958036,0.618168622192692,0.600053879930994,0.583172694251556,0.581760752683596
"351",71,6,2,28,0.50518236792834,0.532839338845037,0.546420491829817,0.549412528681168,0.567230255242909,0.570997502775541,0.617903563865402,0.597629063838823,0.579138085069792,0.57735802703949
"356",72,6,3,132,0.515552349402086,0.517229457582832,0.511341453365836,0.525026146949485,0.522576393186191,0.307512708791625,0.399098629359468,0.437856331523323,0.470346275732674,0.499271089392661
"361",73,6,1,285,0.518102503923018,0.580786792162705,0.625463398548307,0.66205523287504,0.682895230871876,0.546458919564107,0.602272052242023,0.631018284325314,0.623252334865357,0.609899048887658
"366",74,6,3,91,0.553315208595538,0.558490120836163,0.552928246981613,0.569552880180423,0.569547333087007,0.229746929724492,0.331508348376141,0.369890485843704,0.398816855566743,0.423159540989061
"371",75,6,2,28,0.50518236792834,0.532839338845037,0.546420491829817,0.549412528681168,0.567230255242909,0.570997502775541,0.617903563865402,0.597629063838823,0.579138085069792,0.57735802703949
"376",76,6,3,98,0.546899194465088,0.551486719122506,0.545864162030467,0.56200985072274,0.561592434582362,0.241990931515447,0.342653426117565,0.381213596182169,0.410813216922759,0.435998340961939
"381",77,6,1,189,0.580155807758401,0.583400086590639,0.574773411156756,0.57276423146749,0.583362464105,0.53543854573263,0.563057659562152,0.568750876144488,0.560583033957274,0.55531206671506
"386",78,6,2,62,0.513403235383755,0.542509437059075,0.553635376316833,0.5578895023338,0.575563777425901,0.576444127078633,0.618547154915936,0.603509388681344,0.588917026226401,0.588027666482893
"391",79,6,2,28,0.50518236792834,0.532839338845037,0.546420491829817,0.549412528681168,0.567230255242909,0.570997502775541,0.617903563865402,0.597629063838823,0.579138085069792,0.57735802703949
"396",80,7,2,189,0.544010914509915,0.578290951858284,0.580362362282804,0.589218478188077,0.606278547305161,0.596615171228964,0.62094746213931,0.625198779534837,0.624771551426986,0.627083447476701
"401",81,7,1,75,0.650546326291556,0.586497285934611,0.512561697045503,0.460752340582283,0.456448888234813,0.52230763569426,0.515486423041352,0.492052433446406,0.483745735233324,0.488824387082851
"406",82,7,1,35,0.673929723043178,0.587582416173829,0.490539474161093,0.421805075430511,0.412405703260382,0.517692043295668,0.498683022882319,0.465043139985561,0.45678071104036,0.465468167629612
"411",83,7,2,134,0.530782770738572,0.562873180380615,0.568835990165686,0.575724011807604,0.593064692835449,0.587915511937808,0.619908678085021,0.61586172270424,0.609386502773119,0.610339981771143
"416",84,7,2,100,0.522582483890033,0.553279081979091,0.561672277991432,0.567323787276123,0.584826925916549,0.582509564358021,0.619265970230665,0.610046223140758,0.599763567940971,0.599854977839456
"421",85,7,1,177,0.587777312461701,0.583726422266265,0.568300975830239,0.561123288294836,0.57022702026157,0.534058338489054,0.558089202745295,0.560767544809127,0.552566953716689,0.548364846659712
"426",86,7,2,246,0.55765463712185,0.594109541389104,0.592215905098196,0.603063151571038,0.619810533342997,0.605567441675781,0.622022851099561,0.634777958472336,0.640454143542477,0.644119569471135
"431",87,7,3,365,0.309876743908027,0.29422739467415,0.288137812106901,0.284586658593849,0.271439963388732,0.809974628311805,0.777479378226643,0.79533339295761,0.823265753383734,0.850836783843492
"436",88,7,2,365,0.585837347980104,0.626478560386403,0.616605535395602,0.631418666691948,0.647449036517106,0.624024550416889,0.62426408584425,0.65442934855346,0.672216042599252,0.678496710339457
"441",89,7,2,173,0.540168290306824,0.573820116730248,0.577017686878472,0.585305692900459,0.602449600271542,0.594090363092297,0.620645384303302,0.622491794439324,0.620320295319292,0.622241981775493
"446",90,7,3,261,0.397587515766197,0.388496825384293,0.382135979817533,0.38564727084032,0.376061918792143,0.608346573297096,0.624801146706408,0.654749355730095,0.689729367856537,0.723661883873824
"451",91,7,2,202,0.547129214646056,0.581914114286532,0.583074500231851,0.592389350512178,0.609380006193633,0.598662822431994,0.62119283135908,0.627392462530299,0.628372770166006,0.630998515679035
"456",92,7,3,174,0.476687102687942,0.474722246632074,0.468581843303266,0.479003144034971,0.474049391225515,0.400327743673379,0.472540662330291,0.509961554467418,0.544879397957308,0.577244165218522
"461",93,7,2,37,0.507358935136415,0.535401774499505,0.548332339569941,0.551659433411005,0.569440093913748,0.572440987179857,0.618073966570389,0.599188430208142,0.581733011250186,0.580189807402832
"466",94,7,1,28,0.677938247807801,0.58777222680462,0.48668694307496,0.415074343711691,0.4048200783868,0.516883981790703,0.495741660116253,0.460333046282255,0.452083291426148,0.461393456394449
"471",95,7,1,208,0.56801123481265,0.582883239038372,0.584968386448502,0.591027241320507,0.603913560660241,0.53762275588687,0.570898188427263,0.581316840571192,0.573209179745755,0.566266707729923
"476",96,7,2,189,0.544010914509915,0.578290951858284,0.580362362282804,0.589218478188077,0.606278547305161,0.596615171228964,0.62094746213931,0.625198779534837,0.624771551426986,0.627083447476701
"481",97,7,3,152,0.497039697242139,0.496981269176641,0.490962000530974,0.503115470828597,0.499465229870625,0.350317680837791,0.433714795076625,0.47205275668475,0.505877390020587,0.536632261420462
"486",98,7,3,42,0.597617591132973,0.606717720059829,0.601628819732272,0.621273359415812,0.624019530956716,0.156387003277546,0.259124449544861,0.295110517038753,0.318875071789625,0.337020491493702
"491",99,7,2,252,0.559086132865324,0.595763950868944,0.593457679625976,0.604511341560142,0.62122458171764,0.606505790609381,0.622135980345275,0.635780264075602,0.64208828472691,0.645892653992017
"496",100,7,2,227,0.553115354207062,0.588856632611165,0.588275913152881,0.598465398474924,0.61531938138765,0.602590894437802,0.621664520887545,0.63159631080455,0.635257980093686,0.638478855796837
"501",101,7,2,147,0.533914028674156,0.56652951544892,0.57156762989478,0.578924609430695,0.59620091456363,0.589976974541723,0.620154308395545,0.618076670584672,0.613043926063764,0.614322719954128
"506",102,7,2,190,0.544250909456672,0.57856996133723,0.580571162914573,0.589462658367341,0.606517428899672,0.596772803416811,0.620966338893365,0.625367708375028,0.625049064675101,0.627385206228283
"511",103,8,3,35,0.603835661237366,0.613463172908081,0.608447691461239,0.628470469404568,0.631584788677021,0.147630730214323,0.249664343315816,0.285166289975256,0.308159260984463,0.325414637485503
"516",104,8,1,250,0.540893862110269,0.581740088945954,0.607236883397427,0.630455106155003,0.647974985674858,0.54244577058566,0.5880988809447,0.608701578116791,0.60076169822627,0.590239351407012
"521",105,8,1,252,0.53959518871735,0.581685631218111,0.608287026726899,0.632294376993939,0.650018144148426,0.542675246863637,0.58891296566714,0.609990142162885,0.602059395497877,0.591371216836374
"526",106,8,2,69,0.515095013255687,0.544496611109822,0.555118094590732,0.559630747836265,0.577274343858763,0.577563233937646,0.618679607386494,0.604716399445963,0.590921914410409,0.590214470283109
"531",107,8,1,80,0.647568906756088,0.58636158534717,0.515312800339835,0.465664728428618,0.462017255334982,0.522884333191171,0.517585166740645,0.495435109250989,0.48712627908153,0.491749451797046
"536",108,8,1,150,0.604767560695719,0.584460408856425,0.553655687128915,0.534703116952615,0.540335781720742,0.530950996817064,0.5468690445506,0.542695808188746,0.534436810247737,0.532668579390305
"541",109,8,3,28,0.61002034601933,0.620165361098349,0.615224492991966,0.635611027727486,0.63908586432425,0.139283784134571,0.240437523085603,0.275426219014752,0.297646192314987,0.314019148673399
"546",110,8,3,350,0.32188065013603,0.307001536662065,0.300840577459566,0.298169883902933,0.285375887516982,0.786548970677734,0.75844144270837,0.777975671744239,0.807202352794671,0.836018676919713
"551",111,8,1,85,0.644579978682824,0.586225871644689,0.518062975908758,0.470583785229868,0.467595115036504,0.523460969679752,0.519683290193247,0.498818203011979,0.490508001095932,0.494675081507924
"556",112,8,1,214,0.564158330845972,0.582719986118997,0.588173228783137,0.596745195618182,0.610331512938987,0.538312210563235,0.573366963170962,0.585264021300119,0.57717744528909,0.569713177706659
"561",113,8,2,174,0.540408599095388,0.574099905693202,0.5772269394066,0.585550562959908,0.602689282585176,0.594248310913051,0.62066426691078,0.622661206980497,0.620599101488194,0.62254530005923
"566",114,8,3,98,0.546899194465088,0.551486719122506,0.545864162030467,0.56200985072274,0.561592434582362,0.241990931515447,0.342653426117565,0.381213596182169,0.410813216922759,0.435998340961939
"571",115,8,3,365,0.309876743908027,0.29422739467415,0.288137812106901,0.284586658593849,0.271439963388732,0.809974628311805,0.777479378226643,0.79533339295761,0.823265753383734,0.850836783843492
"576",116,8,3,77,0.566092037123156,0.572424672287807,0.566989746144307,0.584539189398398,0.585346025820113,0.206585406463725,0.309784066340973,0.347678494951857,0.375197568940659,0.397806802719959
"581",117,8,2,63,0.513644937646205,0.542793403395105,0.553847252278779,0.558138339870649,0.575808255915242,0.576604047790664,0.618566077777319,0.603681896352323,0.589203621319365,0.588340282032124
"586",118,8,3,252,0.405597489199871,0.397192691424835,0.390835022075611,0.39504144306331,0.385878655493474,0.587347000450102,0.609651386291905,0.640583913143208,0.675865419076324,0.709989000752895
"591",119,8,2,56,0.511952894115806,0.540805065287226,0.55236371392691,0.556395870916998,0.574096133873956,0.575484267583843,0.618433610193118,0.602473803277858,0.587196194740581,0.586150489624536
"596",120,8,2,135,0.531023725971665,0.563154684861002,0.569046267273664,0.575970440833186,0.593306213666447,0.588074196511963,0.619927574906431,0.616032275327096,0.609668285717698,0.610646876851513
"601",121,8,2,135,0.531023725971665,0.563154684861002,0.569046267273664,0.575970440833186,0.593306213666447,0.588074196511963,0.619927574906431,0.616032275327096,0.609668285717698,0.610646876851513
"606",122,9,1,267,0.529839201712421,0.581277134875801,0.616130582025824,0.645963376954411,0.665162775045422,0.544395735117848,0.595002807563105,0.619604389649355,0.611745305212124,0.599828587781126
"611",123,9,2,117,0.526684426825782,0.558081550517301,0.565257541047349,0.571529052349429,0.588952043013077,0.585215102994486,0.619587376553474,0.612957998622491,0.604585163103158,0.60510956925465
"616",124,9,2,365,0.585837347980104,0.626478560386403,0.616605535395602,0.631418666691948,0.647449036517106,0.624024550416889,0.62426408584425,0.65442934855346,0.672216042599252,0.678496710339457
"621",125,9,3,148,0.500743203166048,0.501032240923648,0.49503765553422,0.507501261496668,0.504090443416888,0.341533207823624,0.426728121682032,0.465181991659834,0.498764417997989,0.529179437376747
"626",126,9,2,141,0.532469149713966,0.564842851314559,0.570307404563134,0.577448217646506,0.594754387666255,0.589025918403879,0.620040948199515,0.617054990561855,0.611357441027504,0.612486399325022
"631",127,9,3,126,0.521100140660201,0.523295917891208,0.517451022823707,0.531584435608186,0.52949542668376,0.295251684232843,0.388891128469144,0.427696672430869,0.459728986645998,0.488045289272001
"636",128,9,3,329,0.339086413622255,0.325391418520807,0.31914750283302,0.317796796233677,0.305590034435351,0.750337043365743,0.729979101594071,0.75195181806303,0.782884389335895,0.813316447660463
"641",129,9,2,159,0.536802056191882,0.569898186148784,0.574085282055784,0.581873137741958,0.599088934251575,0.591877063018985,0.620380989453039,0.620116893134544,0.616408741075251,0.617985569800815
"646",130,9,2,205,0.547848306415895,0.582748989794879,0.583699671217477,0.593120009172105,0.610094483813712,0.599134871508566,0.621249446224426,0.627897956838066,0.629201816162515,0.631899570272858
"651",131,9,2,195,0.545450573760217,0.57996425294037,0.581614731955273,0.590682895874431,0.607711070891196,0.59756066401217,0.621060717168671,0.626211893832744,0.626435395360471,0.628892507878585
"656",132,9,3,28,0.61002034601933,0.620165361098349,0.615224492991966,0.635611027727486,0.63908586432425,0.139283784134571,0.240437523085603,0.275426219014752,0.297646192314987,0.314019148673399
"661",133,9,3,29,0.609138932042033,0.619210640605661,0.614259043783599,0.634594512237675,0.638018329174178,0.140451517978792,0.241741254002753,0.276804969901108,0.299135374363254,0.315633824303406
"666",134,9,2,365,0.585837347980104,0.626478560386403,0.616605535395602,0.631418666691948,0.647449036517106,0.624024550416889,0.62426408584425,0.65442934855346,0.672216042599252,0.678496710339457
"671",135,9,2,139,0.531987401143795,0.564280294222578,0.569887126020152,0.576955778026799,0.594271844860705,0.588708751417498,0.620003158556512,0.616714200112351,0.610794684163559,0.611873578618186
"676",136,9,1,306,0.504385311548851,0.580214523999494,0.636234522022088,0.680363889550829,0.702929027588408,0.548863947745357,0.61069595846592,0.644150800364915,0.636502843066901,0.62153007149406
"681",137,9,2,294,0.569077829175759,0.607282025923411,0.602115866313887,0.614596117524138,0.631064155678564,0.613051898593053,0.622927512149539,0.642763049252498,0.653433280387564,0.658190024976962
"686",138,9,1,175,0.589043585493363,0.583780804419335,0.567219902861734,0.559176214223762,0.568027607028509,0.533828252665966,0.557259967161439,0.559433811090071,0.551228164037335,0.547205066890764
"691",139,9,2,356,0.583723026384493,0.62406573986957,0.614779653626415,0.629302883698587,0.645390247227474,0.622640414890882,0.624094765255355,0.652960422564822,0.669863900471538,0.675957689223715
"696",140,9,3,126,0.521100140660201,0.523295917891208,0.517451022823707,0.531584435608186,0.52949542668376,0.295251684232843,0.388891128469144,0.427696672430869,0.459728986645998,0.488045289272001
"701",141,9,1,310,0.501771131685687,0.580105496029304,0.638271144303604,0.683791219047458,0.706661196206817,0.549321793130669,0.612293214388077,0.646628519534673,0.639004124717614,0.623730194886385
"706",142,9,2,322,0.575708365093003,0.614895812288784,0.607853048131738,0.621265624411512,0.637564397561121,0.617393548856456,0.623454836229042,0.647384992995557,0.660901792675847,0.666272896037096
"711",143,9,3,356,0.317049660984709,0.301854780790522,0.295721203145467,0.292691897144068,0.279750145863883,0.796163547854153,0.766187452908797,0.785042342816169,0.813757477946099,0.842083229242071
"716",144,9,2,317,0.574526266182099,0.613540208579641,0.606830683732912,0.620077917811874,0.636407244739739,0.616619604834178,0.623360692621446,0.646561636984512,0.659573860371248,0.664836505562317
"721",145,9,2,83,0.518477492705914,0.548466649402882,0.558080563432579,0.563108799338303,0.580689884507939,0.579799049608789,0.618944459364196,0.607126582335823,0.594922571481226,0.594577312747253
"726",146,9,2,299,0.570263742973887,0.60864557931744,0.603142472874474,0.615790342825074,0.632228486386223,0.613828534302688,0.623021698553246,0.643590376372385,0.65477262852516,0.659640317422485
"731",147,9,3,179,0.472069865776672,0.469674183735627,0.463509790608161,0.47353265984507,0.468287049234753,0.412033067133307,0.481428525362913,0.518576880352552,0.553684335955444,0.586350194850157
"736",148,9,2,243,0.556938528350889,0.593281532298001,0.591594574878605,0.602338377059216,0.619102744261445,0.60509797470718,0.621966281493714,0.634276366672932,0.639635846928828,0.643231538973567
"741",149,9,3,168,0.482232982021902,0.48078665818424,0.474676794711429,0.485574263014217,0.480973201709529,0.386431140853888,0.461898647218737,0.499615797874171,0.534276794199607,0.566247762854614
"746",150,10,2,196,0.54569044376776,0.580242958921266,0.581823358445136,0.590926809913161,0.607949645371566,0.597718175852649,0.621079591724389,0.626380638926791,0.626712413284322,0.629193668375945
"751",151,10,3,215,0.439014051784553,0.433572837583496,0.427275948023285,0.434411218161651,0.42713907839932,0.498466894849549,0.545424581881298,0.57997518885471,0.615773054220146,0.649848049311281
"756",152,10,2,77,0.517028047906685,0.546765929789554,0.556811427438658,0.561618945165493,0.579227007981482,0.578841238221569,0.618830960026906,0.606094278184584,0.593209514637883,0.592709308737699
"761",153,10,3,72,0.570634885517267,0.577374759328341,0.571986877270259,0.589855269255321,0.590947898356659,0.198743738180068,0.302218259916195,0.339897817660745,0.366897695314377,0.388876137228186
"766",154,10,2,173,0.540168290306824,0.573820116730248,0.577017686878472,0.585305692900459,0.602449600271542,0.594090363092297,0.620645384303302,0.622491794439324,0.620320295319292,0.622241981775493
"771",155,10,1,337,0.484130048448589,0.579369353220056,0.651885721319316,0.706394335731789,0.731118740715425,0.552410027148413,0.623010138217252,0.663142438682689,0.655685644407751,0.638443964500627
"776",156,10,1,243,0.545434732550878,0.581930675294425,0.603553622558111,0.623988065302969,0.640781567941478,0.541642462393903,0.585245813429529,0.604179761940705,0.596208713052852,0.586270361265989
"781",157,10,2,87,0.519443618011156,0.549599836335031,0.558926233872959,0.564101404881372,0.581664349813257,0.58043725729185,0.619020118372031,0.60781425432192,0.596063329166873,0.595821132869994
"786",158,10,3,126,0.521100140660201,0.523295917891208,0.517451022823707,0.531584435608186,0.52949542668376,0.295251684232843,0.388891128469144,0.427696672430869,0.459728986645998,0.488045289272001
"791",159,10,2,250,0.558609075550792,0.595212720872729,0.593043886666643,0.604028813901718,0.620753459805626,0.606193094569806,0.62209827207361,0.635446292597853,0.641543935621906,0.645302068498753
"796",160,10,2,98,0.522099691296311,0.552713413614654,0.561250051154368,0.5668283996627,0.584340823503896,0.582190935563681,0.619228150844195,0.609703140601341,0.599195029262919,0.59923525207142
"801",161,10,3,89,0.555145193364181,0.560486950812302,0.554942765147641,0.571702273038127,0.57181376766358,0.226329571347689,0.328357760370215,0.366680820196535,0.395410844488238,0.419509509476796
"806",162,10,2,126,0.528854621532769,0.560619701113873,0.567152885809778,0.573751233758721,0.591130915437869,0.586645379956164,0.619757490433585,0.614496278982983,0.607129625622632,0.607881692403699
"811",163,10,1,183,0.583971579354059,0.583563263583224,0.57154025312189,0.566952998417933,0.57680831491476,0.534748508627041,0.560574948754161,0.564763408507249,0.556578676596841,0.551840985921628
"816",164,10,3,182,0.469301764769334,0.46664825536273,0.460470111415438,0.470253332491731,0.464833600730601,0.419105239613294,0.486767251879918,0.523741106696077,0.558951534579915,0.591786023935946
"821",165,10,3,232,0.423572560233176,0.416743565439338,0.410409190418162,0.416187737560627,0.408018351684119,0.539636252483635,0.575257710010873,0.608244350473114,0.643954666050042,0.678224207277489
"826",166,10,1,159,0.599130038275898,0.584215788121313,0.558549100942972,0.543538962149615,0.550342711280584,0.531987056064461,0.550614967062406,0.548734617020335,0.540492710612853,0.537909412561436
"831",167,11,1,365,0.465877842383996,0.578605572891501,0.665746937974045,0.72880606576927,0.75507656720729,0.555608372187804,0.6339982082711,0.679856785316508,0.672588339532071,0.653432865075842
"836",168,11,2,205,0.547848306415895,0.582748989794879,0.583699671217477,0.593120009172105,0.610094483813712,0.599134871508566,0.621249446224426,0.627897956838066,0.629201816162515,0.631899570272858
"841",169,11,3,308,0.356728071195819,0.344335531407287,0.338029843308039,0.338093277777065,0.326581671909133,0.710244903721468,0.699491881813794,0.723959966312125,0.75642470884151,0.788267234135766
"846",170,11,1,163,0.596615929962337,0.584107054467034,0.560720364452362,0.547457559789599,0.554777678469596,0.532447438858514,0.552278006317029,0.551414038723272,0.543180495386257,0.540236054643443
"851",171,11,3,363,0.311462998337793,0.295912641320985,0.289812984578661,0.286376109947376,0.273273229928248,0.806968662430418,0.775004108035037,0.793078537282253,0.821186281355128,0.848926793946276
"856",172,11,2,43,0.508809830072982,0.537109035626305,0.549606116160634,0.55315620487651,0.570911790057107,0.573402626915901,0.618187552240924,0.600226895143814,0.583460461553996,0.582074743885996
"861",173,11,3,70,0.572448742688946,0.57935050928092,0.573981684263078,0.591975910710737,0.593182138601037,0.195670386033725,0.299221439963581,0.336809294947229,0.363599413553929,0.385324286421789
"866",174,11,2,71,0.515578316526013,0.545064117780785,0.555541549384463,0.560127979101596,0.577762738826855,0.577882833079377,0.618717447708672,0.605061026043965,0.591494187772827,0.590838620704866
"871",175,11,2,344,0.580899144694091,0.620839061453494,0.612340116763442,0.626474114204915,0.642636806451973,0.620791788673063,0.623868957287744,0.650997318076347,0.666714457234705,0.672556169048693
"876",176,11,1,185,0.582700749665228,0.583508873285092,0.572618665474426,0.568892205458,0.578996156413269,0.534978535906143,0.56140286222947,0.566093521947958,0.557914305858181,0.552998591271353
"881",177,11,3,322,0.3449203456166,0.331646684145077,0.325379753626773,0.324490447454491,0.312503529414612,0.737393514701136,0.720035459339124,0.742836307748046,0.774301682241493,0.805229849996348
"886",178,11,1,316,0.497849724991804,0.579941939416516,0.64131676619336,0.688894908828773,0.712207668882295,0.550008404391628,0.614684570010482,0.650330338729061,0.642741917045139,0.627020807798348
"891",179,11,1,256,0.536996245880126,0.581576709790018,0.610384300416898,0.635961348155059,0.654087929075772,0.543134144998143,0.590539671431642,0.612562653705994,0.604650473995226,0.593632032604947
"896",180,11,3,156,0.493336516128189,0.492930693713278,0.486887546605279,0.498729200676864,0.494840107843644,0.359204841005267,0.440727916233336,0.478934125663995,0.512987983607192,0.544068755686599
"901",181,12,1,78,0.648761266118058,0.586415867157035,0.514212461033011,0.463698920080487,0.459788692337746,0.522653661427672,0.516745739555491,0.494081971432649,0.485773902859112,0.490579346900199
"906",182,12,3,56,0.585088674584847,0.593106350855024,0.587874559211672,0.606720605908076,0.60870933514062,0.175162992898082,0.278730773043467,0.315588885882439,0.340883190606157,0.360820446463105
"911",183,12,2,343,0.580663579127984,0.620569684015483,0.612136565657874,0.626237989461842,0.642406924423094,0.62063757723254,0.623850137525448,0.650833493471564,0.666451325672123,0.672271882570265
"916",184,12,2,266,0.56242243213376,0.599615725902135,0.596350486837946,0.607883290162185,0.624515991386051,0.608692207001806,0.622399896856398,0.638114388302017,0.645888411379299,0.650014221083459
"921",185,12,2,70,0.515336668476594,0.544780378984061,0.555329832032008,0.559879378488862,0.577518560288676,0.577723041644005,0.618698527727697,0.604888725775776,0.591208081990142,0.590526581955065
"926",186,12,2,219,0.551201379859925,0.586638733530134,0.586613546729068,0.596524256839153,0.613422424815532,0.601335322909574,0.621513605232809,0.630253218052761,0.633060574050367,0.636092243384779
"931",187,12,1,330,0.48870163818177,0.57956023909482,0.648378715359187,0.700625179681151,0.724903010129406,0.551609752236627,0.620242737048718,0.658897195314669,0.651395561912375,0.63465287792909
"936",188,12,2,100,0.522582483890033,0.553279081979091,0.561672277991432,0.567323787276123,0.584826925916549,0.582509564358021,0.619265970230665,0.610046223140758,0.599763567940971,0.599854977839456
"941",189,12,2,90,0.520168116973601,0.550449389611921,0.559560262694876,0.564845522518401,0.582394781178045,0.580915736664318,0.619076858836672,0.6083297278991,0.596918217215843,0.596753191613187
"946",190,12,1,183,0.583971579354059,0.583563263583224,0.57154025312189,0.566952998417933,0.57680831491476,0.534748508627041,0.560574948754161,0.564763408507249,0.556578676596841,0.551840985921628
"951",191,12,3,252,0.405597489199871,0.397192691424835,0.390835022075611,0.39504144306331,0.385878655493474,0.587347000450102,0.609651386291905,0.640583913143208,0.675865419076324,0.709989000752895
"956",192,12,2,321,0.575472014143406,0.614624833424843,0.607648650592149,0.621028198873787,0.637333094004947,0.617238807533276,0.623436008252992,0.647220391622601,0.660636407884167,0.665985863629324
"961",193,12,2,365,0.585837347980104,0.626478560386403,0.616605535395602,0.631418666691948,0.647449036517106,0.624024550416889,0.62426408584425,0.65442934855346,0.672216042599252,0.678496710339457
"966",194,13,2,70,0.515336668476594,0.544780378984061,0.555329832032008,0.559879378488862,0.577518560288676,0.577723041644005,0.618698527727697,0.604888725775776,0.591208081990142,0.590526581955065
"971",195,13,1,232,0.552554858625409,0.582230118684644,0.597741988573992,0.613736439882949,0.62934966717258,0.54037968504391,0.580750916625806,0.597038189746992,0.589020706564963,0.580010860552095
"976",196,13,3,215,0.439014051784553,0.433572837583496,0.427275948023285,0.434411218161651,0.42713907839932,0.498466894849549,0.545424581881298,0.57997518885471,0.615773054220146,0.649848049311281
"981",197,13,1,119,0.623965215962096,0.58530267216271,0.536726670326993,0.504136046245711,0.505668092569598,0.527380360871187,0.533928352952954,0.521810236997817,0.513510877108919,0.514568761057113
"986",198,13,2,28,0.50518236792834,0.532839338845037,0.546420491829817,0.549412528681168,0.567230255242909,0.570997502775541,0.617903563865402,0.597629063838823,0.579138085069792,0.57735802703949
"991",199,13,2,157,0.536320884415466,0.569337181553428,0.573665936338048,0.581382116522786,0.598608069460489,0.591560570628411,0.620343212921558,0.619777148510324,0.615848702518146,0.617376012831133
"996",200,13,2,365,0.585837347980104,0.626478560386403,0.616605535395602,0.631418666691948,0.647449036517106,0.624024550416889,0.62426408584425,0.65442934855346,0.672216042599252,0.678496710339457
"1001",201,14,1,182,0.584606576906464,0.58359045796947,0.571000791355985,0.565982621372578,0.575713257869708,0.53463348943841,0.56016086526832,0.564098000780206,0.555910553880837,0.551261971703422
"1006",202,14,2,171,0.539687616802398,0.573260397170506,0.576599098979431,0.584815826432043,0.601970088277232,0.593774409069992,0.620607617992156,0.622152879615901,0.61976244480948,0.621635058249628
"1011",203,14,1,313,0.499810425423575,0.580023719919882,0.639795361924176,0.686348700845373,0.709442246754743,0.549665122408342,0.613489576450804,0.648481660631979,0.640875158771152,0.625376950029498
"1016",204,14,2,215,0.550243820101243,0.58552845848015,0.585781620136564,0.595552547381406,0.61247265010444,0.600707035886747,0.621438138578704,0.629580913216215,0.631959786533051,0.63489641232849
"1021",205,15,1,206,0.569293733388855,0.582937652642275,0.583898491806941,0.589115688877575,0.601766145534427,0.537392905551339,0.570074472593179,0.579998770305659,0.571884300965455,0.565116441467568
"1026",206,15,2,188,0.543770899123694,0.578011892387629,0.580153532874899,0.588974254044879,0.60603961488627,0.596457519088207,0.62092858501904,0.625029820194846,0.624493956176895,0.626781589723068
"1031",207,15,3,42,0.597617591132973,0.606717720059829,0.601628819732272,0.621273359415812,0.624019530956716,0.156387003277546,0.259124449544861,0.295110517038753,0.318875071789625,0.337020491493702
"1036",208,15,1,189,0.580155807758401,0.583400086590639,0.574773411156756,0.57276423146749,0.583362464105,0.53543854573263,0.563057659562152,0.568750876144488,0.560583033957274,0.55531206671506
"1041",209,16,3,167,0.483157757995939,0.48179799254958,0.475693403302191,0.486669996092752,0.482127953077769,0.384132257053591,0.460128085307139,0.497891297801329,0.53250641603856,0.564408364510703
"1046",210,16,2,194,0.545210682655565,0.579685495954745,0.581406076265167,0.590438937198788,0.607472444967535,0.597403132038889,0.621041842246439,0.626043118025514,0.626158294489289,0.628591247168695
"1051",211,16,2,294,0.569077829175759,0.607282025923411,0.602115866313887,0.614596117524138,0.631064155678564,0.613051898593053,0.622927512149539,0.642763049252498,0.653433280387564,0.658190024976962
"1056",212,17,1,296,0.510919399824398,0.580487059650624,0.631121686701932,0.671710416015579,0.693479984290211,0.547718973919694,0.60669247704485,0.637922856554542,0.630217496940674,0.616008005767711
"1061",213,17,1,260,0.534395291351415,0.58146778040708,0.612477498774884,0.639612593407874,0.6581352783403,0.543592969931368,0.592164397961523,0.615128903026499,0.607235687566092,0.595888887541072
"1066",214,18,2,130,0.529818807390513,0.561746759163743,0.567994634234874,0.57473792029957,0.592098160632518,0.587280591176481,0.619833087165335,0.615179227621947,0.608258642734156,0.609111529439242
"1071",215,19,3,327,0.340748364506473,0.32717241762344,0.320921683570239,0.319701751785696,0.307556580596422,0.746682728190731,0.727160872962408,0.749369631006425,0.780456491364895,0.811032724142076
